layers, learning_rate, regularization_rate, F_error_scaling, iterations, batch_size, rmse_val, fin_eval_cost, fin_training_cost, filen
6 12 3 , 0.025, 0.1, 0.04, 400, 5, 0.10114434635947374, 2.4240075599857675e-05, 1.182225051341044e-05, saved_network2.txt
6 12 3 , 0.025, 0.1, 0.04, 1300, 5, 0.10142047795526894, 1.33451897173558e-05, 8.610317958426246e-06, saved_network3.txt
6 12 3 , 0.035, 0.15, 0.04, 1300, 5, 0.10045465201847227, 3.4571990926719564e-05, 1.3946255011169054e-05, saved_network4..txt
6 12 3 , 0.025, 0.1, 0.04, 1300, 10, 0.10061058886746214, 2.685024992294572e-05, 1.2166066491561922e-05, saved_network5.txt
6 12 3 , 0.025, 0.1, 0.04, 1300, 2, 0.10012314164214041, 2.037822316910274e-06, 5.432694772407849e-06, saved_network6.txt
6 12 3 , 0.025, 0.1, 0.06, 1400, 10, 0.10087572617643291, 6.492600011139819e-05, 2.2279793181628035e-05, saved_network7.txt
6 12 3 , 0.025, 0.18, 0.03, 1400, 5, 0.10093635815693847, 5.40772920260656e-05, 1.951830739382091e-05, saved_network8.txt
